谐芯褉芯写,薪邪褋械谢械薪懈械_锌褉懈斜谢懈蟹懈褌械谢褜薪芯
小邪褉邪褌芯胁,886000
孝褞屑械薪褜,872000
孝芯谢褜褟褌褌懈,663000
袦邪褏邪褔泻邪谢邪,625000
袘邪褉薪邪褍谢,621000
袠卸械胁褋泻,616000
啸邪斜邪褉芯胁褋泻,616000
校谢褜褟薪芯胁褋泻,612000
袠褉泻褍褌褋泻,606000
袙谢邪写懈胁芯褋褌芯泻,594000
携褉芯褋谢邪胁谢褜,564000
小褌邪胁褉芯锌芯谢褜,563000
孝芯屑褋泻,545000
袣械屑械褉芯胁芯,545000
袧邪斜械褉械卸薪褘械 效械谢薪褘,544000
袨褉械薪斜褍褉谐,537000
袧芯胁芯泻褍蟹薪械褑泻,531000
袘邪谢邪褕懈褏邪,530000
袪褟蟹邪薪褜,521000
效械斜芯泻褋邪褉褘,497000
袣邪谢懈薪懈薪谐褉邪写,489000
袩械薪蟹邪,488000
袥懈锌械褑泻,483000
袣懈褉芯胁,476000
袗褋褌褉邪褏邪薪褜,466000
孝褍谢邪,457000
小芯褔懈,445000
校谢邪薪-校写褝,435000
袣褍褉褋泻,435000
小褍褉谐褍褌,433000
孝胁械褉褜,413000
袦邪谐薪懈褌芯谐芯褉褋泻,408000
袠胁邪薪芯胁芯,398000
袘褉褟薪褋泻,390000
袘械谢谐芯褉芯写,357000
袙谢邪写懈屑懈褉,349000
袗褉褏邪薪谐械谢褜褋泻,349000
袣邪谢褍谐邪,338000
效懈褌邪,334000
小屑芯谢械薪褋泻,327000
小邪褉邪薪褋泻,315000
效械褉械锌芯胁械褑,312000
袙芯谢芯谐写邪,311000
袣褍褉谐邪薪,306000
袨褉褢谢,303000
袙谢邪写懈泻邪胁泻邪蟹,296000
孝邪屑斜芯胁,280000
小褌械褉谢懈褌邪屑邪泻,274000
袚褉芯蟹薪褘泄,272000
袦褍褉屑邪薪褋泻,270000
携泻褍褌褋泻,270000
袣芯褋褌褉芯屑邪,269000
袣芯屑褋芯屑芯谢褜褋泻-薪邪-袗屑褍褉械,264000
袩械褌褉芯蟹邪胁芯写褋泻,263000
孝邪谐邪薪褉芯谐,258000
袧懈卸薪械胁邪褉褌芯胁褋泻,252000
袡芯褕泻邪褉-袨谢邪,249000
袘褉邪褌褋泻,246000
袧芯胁芯褉芯褋褋懈泄褋泻,242000
袛蟹械褉卸懈薪褋泻,241000
楔邪褏褌褘,240000
袧邪谢褜褔懈泻,240000
袨褉褋泻,238000
小褘泻褌褘胁泻邪褉,235000
袧懈卸薪械泻邪屑褋泻,234000
袗薪谐邪褉褋泻,234000
小褌邪褉褘泄 袨褋泻芯谢,221000
袙械谢懈泻懈泄 袧芯胁谐芯褉芯写,219000
袘谢邪谐芯胁械褖械薪褋泻,214000
袩褉芯泻芯锌褜械胁褋泻,210000
袘懈泄褋泻,210000
啸懈屑泻懈,207000
袩褋泻芯胁,204000
协薪谐械谢褜褋,203000
袪褘斜懈薪褋泻,201000
袘邪谢邪泻芯胁芯,200000
